contig_a	contig_b	signal
X21	X06	41
X23	X02	53
X13	X22	8
X06	X15	211
X03	X30	315
X08	X20	68
X03	X09	196
X02	X04	105
X25	X21	48
X05	X11	117
X29	X19	14
X23	X26	176
X10	X27	505
X30	X23	113
X15	X30	215
X19	X04	52
X12	X09	183
X24	X14	200
X22	X06	120
X24	X21	827
X02	X06	392
X13	X14	119
X28	X09	11
X06	X04	44
X04	X09	268
X01	X18	51
X29	X17	12
X06	X08	49
X25	X19	129
X16	X28	209
X11	X10	9
X11	X07	46
X02	X14	121
X24	X20	16
X22	X24	319
X29	X28	485
X03	X14	121
X13	X15	36
X04	X13	381
X05	X08	875
X05	X29	51
X14	X19	50
X25	X03	165
X24	X28	331
X02	X12	90
X28	X06	73
X18	X12	98
X05	X03	30
X25	X18	58
X02	X29	82
X23	X11	119
X08	X02	146
X16	X18	159
X24	X19	37
X10	X01	206
X22	X29	559
X21	X07	99
X27	X14	30
X14	X05	297
X11	X12	309
X19	X28	148
X19	X01	59
X01	X27	162
X15	X20	59
X27	X29	240
X10	X05	22
X18	X15	86
X23	X28	249
X26	X30	96
X19	X21	16
X24	X02	153
X04	X11	90
X26	X12	67
X13	X27	57
X25	X09	61
X29	X12	17
X05	X30	218
X04	X07	113
X10	X19	81
X08	X17	58
X06	X24	44
X12	X10	32
X30	X14	232
X25	X16	12
X23	X21	177
X03	X11	14
X15	X25	56
X11	X17	86
X12	X15	133
X15	X26	198
X01	X02	157
X21	X13	61
X29	X18	127
X21	X05	375
X09	X10	100
X25	X20	149
X05	X07	60
X02	X30	111
X05	X16	43
X04	X24	37
X16	X09	90
X20	X21	16
X08	X29	24
X04	X23	443
X03	X26	105
X22	X26	440
X09	X19	60
X24	X18	208
X04	X29	46
X25	X12	42
X16	X17	47
X29	X16	59
X11	X01	29
X20	X18	17
X27	X08	100
X10	X24	105
X18	X08	214
X23	X20	237
X27	X23	191
X17	X24	155
X13	X12	59
X27	X04	48
X07	X12	29
X30	X24	66
X17	X02	207
X27	X07	146
X15	X22	19
X23	X24	77
X16	X30	318
X17	X07	107
X12	X05	261
X20	X11	186
X05	X28	166
X07	X16	20
X02	X03	23
X14	X11	215
X29	X07	228
X10	X22	19
X07	X09	30
X01	X20	278
X18	X14	419
X25	X23	412
X16	X08	473
X26	X14	307
X06	X14	111
X25	X28	356
X02	X21	41
X17	X01	134
X27	X06	39
X18	X03	86
X17	X10	171
X21	X22	125
X04	X01	44
X01	X06	167
X08	X01	48
X28	X26	156
X04	X15	23
X30	X01	452
X11	X21	93
X09	X21	85
X27	X02	32
X06	X12	156
X24	X12	521
X03	X21	119
X16	X12	149
X14	X22	134
X13	X23	117
X23	X16	338
X19	X12	450
X06	X03	37
X22	X16	407
X22	X05	244
X14	X16	39
X19	X11	78
X28	X01	288
X13	X26	200
X15	X09	91
X09	X08	150
X11	X09	48
X06	X18	57
X23	X22	190
X10	X28	32
X15	X19	53
X28	X13	42
X21	X30	69
X17	X25	200
X14	X21	115
X18	X07	94
X21	X17	680
X03	X13	26
X26	X21	309
X07	X26	49
X04	X10	222
X28	X03	168
X05	X20	68
X24	X29	93
X14	X07	32
X06	X20	353
X22	X02	355
X25	X02	59
X01	X12	261
X03	X08	362
X14	X08	122
X05	X26	158
X23	X08	45
X02	X16	60
X08	X28	153
X01	X23	549
X22	X09	115
X11	X16	36
X11	X30	23
X10	X13	334
X05	X19	138
X28	X15	182
X26	X04	96
X09	X13	20
X28	X20	12
X09	X27	614
X17	X15	22
X07	X22	264
X05	X01	521
X07	X19	64
X27	X03	176
X05	X23	42
X29	X14	89
X26	X19	69
X19	X20	48
X23	X09	10
X20	X04	12
X08	X10	180
X27	X28	99
X13	X20	19
X18	X21	214
X10	X06	16
X19	X30	16
X21	X28	115
X09	X29	136
X27	X24	108
X17	X14	112
X21	X08	256
X18	X10	82
X11	X29	51
X03	X20	47
X15	X10	160
X19	X08	84
X27	X12	27
X27	X30	94
X22	X01	238
X01	X21	127
X13	X11	93
X30	X04	220
X04	X05	46
X26	X20	34
X17	X27	20
X10	X03	170
X14	X20	105
X17	X22	75
X15	X21	70
X10	X16	64
X19	X27	245
X15	X14	130
X17	X13	354
X20	X22	100
X28	X17	84
X01	X09	26
X26	X27	35
X08	X15	13
X11	X15	193
Y11	Y09	205
Y15	Y06	232
Y03	Y11	209
Y04	Y14	41
Y03	Y02	764
Y02	Y13	660
Y06	Y07	140
Y15	Y17	482
Y07	Y01	222
Y09	Y18	133
Y04	Y13	237
Y15	Y16	80
Y07	Y04	350
Y05	Y09	228
Y09	Y02	70
Y06	Y09	95
Y06	Y10	50
Y09	Y16	246
Y09	Y14	102
Y02	Y07	18
Y07	Y10	171
Y07	Y11	96
Y01	Y14	435
Y14	Y07	9
Y08	Y06	87
Y18	Y16	27
Y06	Y01	464
Y15	Y03	113
Y06	Y04	254
Y02	Y17	113
Y09	Y17	659
Y13	Y01	427
Y12	Y06	127
Y12	Y11	27
Y07	Y08	174
Y04	Y16	429
Y17	Y01	148
Y01	Y05	93
Y16	Y17	33
Y06	Y17	193
Y12	Y16	61
Y02	Y14	516
Y18	Y05	275
Y04	Y08	212
Y06	Y02	49
Y09	Y04	597
Y12	Y05	89
Y02	Y08	50
Y02	Y01	12
Y10	Y16	88
Y13	Y18	298
Y15	Y18	256
Y12	Y09	56
Y09	Y03	193
Y03	Y17	93
Y01	Y04	636
Y04	Y18	33
Y07	Y09	92
Y16	Y08	579
Y14	Y11	39
Y17	Y08	360
Y17	Y10	17
Y05	Y16	55
Y10	Y11	123
Y18	Y01	287
Y03	Y16	181
Y16	Y02	148
Y07	Y18	187
Y08	Y09	260
Y11	Y16	342
Y14	Y13	135
Y03	Y07	373
Y12	Y14	31
Y10	Y04	226
Y11	Y15	13
Y15	Y12	156
Y03	Y05	67
Y11	Y17	37
Y02	Y10	168
Y02	Y15	442
Y05	Y02	68
Y13	Y06	49
Y02	Y18	26
Y07	Y16	76
Y07	Y05	128
Y10	Y14	66
Y18	Y10	9
Y05	Y14	188
Y11	Y01	42
Y18	Y08	32
Y16	Y14	56
Y13	Y08	37
Y14	Y17	37
Y04	Y15	89
Y01	Y08	98
Y03	Y04	9
Y17	Y04	141
Y06	Y03	44
Y08	Y12	269
Y17	Y07	20
Y13	Y11	180
Y04	Y02	14
Y10	Y03	64
Y13	Y05	103
Y01	Y12	189
Y18	Y12	43
Y13	Y12	486
Y05	Y06	109
Y18	Y11	212
Y17	Y13	87
Y18	Y14	118
Y03	Y12	63
Y07	Y15	67
Y11	Y08	85
Y16	Y13	433
Y09	Y01	122
Y03	Y14	122
Y07	Y12	51
Y06	Y16	14
Y16	Y01	145
Y15	Y14	321
Z06	Z19	199
Z04	Z13	523
Z11	Z04	438
Z02	Z16	94
Z12	Z19	78
Z02	Z18	85
Z09	Z20	197
Z08	Z13	1319
Z20	Z03	70
Z16	Z01	407
Z15	Z02	40
Z03	Z17	427
Z10	Z17	129
Z07	Z11	82
Z14	Z03	217
Z04	Z07	35
Z07	Z19	483
Z03	Z09	25
Z15	Z17	337
Z02	Z08	159
Z10	Z18	39
Z07	Z02	30
Z12	Z17	161
Z16	Z20	122
Z03	Z01	206
Z06	Z09	230
Z04	Z05	91
Z01	Z08	232
Z19	Z11	229
Z20	Z18	56
Z06	Z02	194
Z18	Z05	85
Z11	Z02	246
Z13	Z05	36
Z14	Z06	175
Z01	Z06	152
Z12	Z07	39
Z11	Z05	65
Z19	Z14	10
Z17	Z01	87
Z14	Z20	460
Z04	Z02	93
Z20	Z10	72
Z16	Z18	171
Z11	Z13	32
Z10	Z19	168
Z14	Z13	11
Z16	Z13	22
Z20	Z19	68
Z19	Z05	16
Z20	Z11	220
Z15	Z05	52
Z03	Z11	21
Z01	Z04	373
Z17	Z14	62
Z12	Z03	185
Z14	Z01	51
Z02	Z17	123
Z02	Z12	149
Z10	Z12	32
Z05	Z08	214
Z13	Z09	153
Z09	Z15	12
Z07	Z01	146
Z12	Z05	233
Z01	Z10	349
Z13	Z06	232
Z12	Z06	35
Z19	Z02	13
Z15	Z03	265
Z15	Z01	81
Z18	Z17	50
Z07	Z15	214
Z14	Z15	270
Z04	Z10	75
Z07	Z18	60
Z13	Z03	607
Z07	Z17	139
Z08	Z07	351
Z17	Z11	48
Z19	Z16	60
Z17	Z16	112
Z15	Z20	94
Z18	Z13	158
Z04	Z08	306
Z10	Z11	110
Z19	Z18	337
Z12	Z18	242
Z16	Z06	83
Z14	Z08	13
Z01	Z12	164
Z15	Z10	91
Z18	Z08	60
Z16	Z09	71
Z11	Z16	131
Z15	Z04	175
Z12	Z16	143
Z10	Z03	247
Z03	Z02	110
Z12	Z15	252
Z04	Z09	27
Z20	Z05	226
Z17	Z09	50
Z03	Z06	54
Z07	Z14	103
Z13	Z19	361
Z03	Z04	83
Z05	Z16	35
Z13	Z12	12
Z07	Z16	257
Z12	Z14	151
Z05	Z14	51
Z20	Z12	254
Z20	Z02	13
Z12	Z11	89
Z11	Z18	118
Z11	Z15	227
Z10	Z13	102
Z03	Z05	35
Z03	Z18	179
Z18	Z14	165
Z14	Z09	47
Z08	Z09	124
Z04	Z19	89
Z13	Z15	43
Z20	Z08	207
Z08	Z10	39
Z11	Z14	71
Z19	Z01	217
Z06	Z15	174
Z16	Z04	272
Z20	Z17	338
Z19	Z17	90
Z05	Z02	260
Z06	Z20	163
Z07	Z06	180
Z16	Z15	313
Z19	Z15	168
Z04	Z06	572
Z14	Z16	118
Z01	Z18	169
Y01	X27	2
X28	Z08	6
X24	Y10	7
X14	Y13	2
X12	Y15	1
Y17	X29	15
Z02	Y09	11
Y10	Z14	1
X22	Y10	14
X08	Y06	1
X13	Y07	1
Y18	Z16	4
Y16	X04	4
X03	Z10	4
Z06	X18	2
Z16	X01	1
X24	Y16	10
Y11	X09	7
Y14	X16	7
Z10	Y14	1
Z15	X04	2
X11	Z17	5
Z14	X08	3
Z04	X25	11
Y02	Z06	4
Y12	Z09	1
Y18	Z15	1
X10	Y18	1
X10	Y03	16
Z19	Y08	9
Y11	Z19	1
X19	Z17	5
X19	Z14	1
Y05	Z06	5
X06	Y01	3
Z11	X08	1
Z11	X26	6
Z05	Y08	8
Y02	X16	3
Y03	X20	1
Y13	Z06	2
X01	Z07	1
X28	Z03	1
X22	Z14	3
Y08	Z10	3
Z15	X30	3
X20	Y14	2
Z16	X24	7
Y02	Z02	2
X21	Z08	4
Z08	X05	4
Y13	X30	8
Y12	X26	6
X14	Y07	18
Z18	Y04	1
Z17	X14	7
Z05	X20	4
Z10	Y18	2
Y07	X19	2
Z14	Y04	7
Z18	X11	6
Z12	Y03	1
Z09	X05	2
X11	Z13	1
Y08	X16	6
X13	Y17	4
X06	Z09	3
X16	Y12	11
Z10	Y02	6
Z01	X05	8
X27	Y17	2
