Contig	S1	S2	S3	S4
X01	12.081	3.107	8.459	1.090
X02	13.622	3.356	8.802	1.167
X03	14.694	2.987	8.665	1.282
X04	14.290	3.278	7.262	1.084
X05	13.285	3.224	7.795	1.003
X06	11.921	2.932	7.271	0.913
X07	12.125	3.294	7.597	0.975
X08	11.977	3.116	8.361	1.029
X09	11.308	3.439	7.288	0.914
X10	12.303	3.428	7.419	1.148
X11	13.347	3.172	7.912	0.861
X12	11.506	3.553	7.738	1.039
X13	10.986	3.170	8.416	1.078
X14	11.155	3.404	7.860	1.095
X15	12.489	2.802	7.850	1.136
X16	13.515	3.267	8.157	1.132
X17	12.590	3.238	8.109	1.053
X18	15.143	3.305	8.703	1.009
X19	12.029	3.353	8.307	1.200
X20	11.567	3.211	7.375	1.141
X21	12.129	3.284	8.651	1.018
X22	13.936	3.029	8.097	0.983
X23	10.983	2.880	7.371	1.203
X24	12.653	3.044	7.614	1.032
X25	11.098	2.982	8.382	1.077
X26	12.954	3.201	8.525	0.960
X27	12.550	3.024	7.513	1.155
X28	12.525	2.975	7.662	0.980
X29	12.938	2.924	8.606	1.181
X30	14.421	3.358	7.288	1.145
Y01	0.391	10.857	2.223	7.047
Y02	0.457	9.725	2.330	6.274
Y03	0.421	10.542	2.163	7.222
Y04	0.555	9.994	2.394	6.225
Y05	0.531	8.303	1.873	6.121
Y06	0.533	10.402	2.201	6.032
Y07	0.425	9.288	2.386	6.513
Y08	0.512	10.599	2.121	6.163
Y09	0.487	10.297	2.374	6.664
Y10	0.487	9.439	2.449	6.927
Y11	0.463	9.262	2.176	5.841
Y12	0.482	10.450	1.924	5.783
Y13	0.521	9.227	2.326	6.795
Y14	0.520	8.764	2.276	6.112
Y15	0.512	8.979	2.555	5.541
Y16	0.578	9.188	1.845	6.530
Y17	0.491	10.305	2.136	6.132
Y18	0.560	10.233	2.353	6.680
Z01	2.408	16.947	0.878	11.740
Z02	2.143	18.471	0.948	11.407
Z03	2.148	13.690	0.974	11.300
Z04	2.313	17.348	0.874	11.847
Z05	2.000	19.514	0.893	13.715
Z06	1.999	16.766	0.902	12.245
Z07	1.985	20.064	0.927	12.487
Z08	2.135	19.071	0.947	10.861
Z09	2.063	19.355	0.938	13.164
Z10	2.043	15.026	0.893	12.274
Z11	2.311	19.801	0.897	11.444
Z12	2.243	15.925	0.861	11.755
Z13	2.221	20.651	0.874	10.833
Z14	2.146	17.271	0.927	11.344
Z15	2.126	16.772	0.990	11.429
Z16	2.035	19.967	1.010	13.409
Z17	2.233	21.608	0.948	12.907
Z18	2.228	20.428	0.924	11.492
Z19	2.351	18.547	0.912	10.291
Z20	2.049	16.997	0.861	13.867
